--
-- PostgreSQL database dump
--

-- Dumped from database version 16.8 (Ubuntu 16.8-0ubuntu0.24.04.1)
-- Dumped by pg_dump version 16.8 (Ubuntu 16.8-0ubuntu0.24.04.1)

SET statement_timeout = 0;
SET lock_timeout = 0;
SET idle_in_transaction_session_timeout = 0;
SET client_encoding = 'UTF8';
SET standard_conforming_strings = on;
SELECT pg_catalog.set_config('search_path', '', false);
SET check_function_bodies = false;
SET xmloption = content;
SET client_min_messages = warning;
SET row_security = off;

SET default_tablespace = '';

SET default_table_access_method = heap;

--
-- Name: auth_group; Type: TABLE; Schema: public; Owner: ndunguloren96
--

CREATE TABLE public.auth_group (
    id integer NOT NULL,
    name character varying(150) NOT NULL
);


ALTER TABLE public.auth_group OWNER TO ndunguloren96;

--
-- Name: auth_group_id_seq; Type: SEQUENCE; Schema: public; Owner: ndunguloren96
--

ALTER TABLE public.auth_group ALTER COLUMN id ADD GENERATED BY DEFAULT AS IDENTITY (
    SEQUENCE NAME public.auth_group_id_seq
    START WITH 1
    INCREMENT BY 1
    NO MINVALUE
    NO MAXVALUE
    CACHE 1
);


--
-- Name: auth_group_permissions; Type: TABLE; Schema: public; Owner: ndunguloren96
--

CREATE TABLE public.auth_group_permissions (
    id bigint NOT NULL,
    group_id integer NOT NULL,
    permission_id integer NOT NULL
);


ALTER TABLE public.auth_group_permissions OWNER TO ndunguloren96;

--
-- Name: auth_group_permissions_id_seq; Type: SEQUENCE; Schema: public; Owner: ndunguloren96
--

ALTER TABLE public.auth_group_permissions ALTER COLUMN id ADD GENERATED BY DEFAULT AS IDENTITY (
    SEQUENCE NAME public.auth_group_permissions_id_seq
    START WITH 1
    INCREMENT BY 1
    NO MINVALUE
    NO MAXVALUE
    CACHE 1
);


--
-- Name: auth_permission; Type: TABLE; Schema: public; Owner: ndunguloren96
--

CREATE TABLE public.auth_permission (
    id integer NOT NULL,
    name character varying(255) NOT NULL,
    content_type_id integer NOT NULL,
    codename character varying(100) NOT NULL
);


ALTER TABLE public.auth_permission OWNER TO ndunguloren96;

--
-- Name: auth_permission_id_seq; Type: SEQUENCE; Schema: public; Owner: ndunguloren96
--

ALTER TABLE public.auth_permission ALTER COLUMN id ADD GENERATED BY DEFAULT AS IDENTITY (
    SEQUENCE NAME public.auth_permission_id_seq
    START WITH 1
    INCREMENT BY 1
    NO MINVALUE
    NO MAXVALUE
    CACHE 1
);


--
-- Name: auth_user; Type: TABLE; Schema: public; Owner: ndunguloren96
--

CREATE TABLE public.auth_user (
    id integer NOT NULL,
    password character varying(128) NOT NULL,
    last_login timestamp with time zone,
    is_superuser boolean NOT NULL,
    username character varying(150) NOT NULL,
    first_name character varying(150) NOT NULL,
    last_name character varying(150) NOT NULL,
    email character varying(254) NOT NULL,
    is_staff boolean NOT NULL,
    is_active boolean NOT NULL,
    date_joined timestamp with time zone NOT NULL
);


ALTER TABLE public.auth_user OWNER TO ndunguloren96;

--
-- Name: auth_user_groups; Type: TABLE; Schema: public; Owner: ndunguloren96
--

CREATE TABLE public.auth_user_groups (
    id bigint NOT NULL,
    user_id integer NOT NULL,
    group_id integer NOT NULL
);


ALTER TABLE public.auth_user_groups OWNER TO ndunguloren96;

--
-- Name: auth_user_groups_id_seq; Type: SEQUENCE; Schema: public; Owner: ndunguloren96
--

ALTER TABLE public.auth_user_groups ALTER COLUMN id ADD GENERATED BY DEFAULT AS IDENTITY (
    SEQUENCE NAME public.auth_user_groups_id_seq
    START WITH 1
    INCREMENT BY 1
    NO MINVALUE
    NO MAXVALUE
    CACHE 1
);


--
-- Name: auth_user_id_seq; Type: SEQUENCE; Schema: public; Owner: ndunguloren96
--

ALTER TABLE public.auth_user ALTER COLUMN id ADD GENERATED BY DEFAULT AS IDENTITY (
    SEQUENCE NAME public.auth_user_id_seq
    START WITH 1
    INCREMENT BY 1
    NO MINVALUE
    NO MAXVALUE
    CACHE 1
);


--
-- Name: auth_user_user_permissions; Type: TABLE; Schema: public; Owner: ndunguloren96
--

CREATE TABLE public.auth_user_user_permissions (
    id bigint NOT NULL,
    user_id integer NOT NULL,
    permission_id integer NOT NULL
);


ALTER TABLE public.auth_user_user_permissions OWNER TO ndunguloren96;

--
-- Name: auth_user_user_permissions_id_seq; Type: SEQUENCE; Schema: public; Owner: ndunguloren96
--

ALTER TABLE public.auth_user_user_permissions ALTER COLUMN id ADD GENERATED BY DEFAULT AS IDENTITY (
    SEQUENCE NAME public.auth_user_user_permissions_id_seq
    START WITH 1
    INCREMENT BY 1
    NO MINVALUE
    NO MAXVALUE
    CACHE 1
);


--
-- Name: django_admin_log; Type: TABLE; Schema: public; Owner: ndunguloren96
--

CREATE TABLE public.django_admin_log (
    id integer NOT NULL,
    action_time timestamp with time zone NOT NULL,
    object_id text,
    object_repr character varying(200) NOT NULL,
    action_flag smallint NOT NULL,
    change_message text NOT NULL,
    content_type_id integer,
    user_id integer NOT NULL,
    CONSTRAINT django_admin_log_action_flag_check CHECK ((action_flag >= 0))
);


ALTER TABLE public.django_admin_log OWNER TO ndunguloren96;

--
-- Name: django_admin_log_id_seq; Type: SEQUENCE; Schema: public; Owner: ndunguloren96
--

ALTER TABLE public.django_admin_log ALTER COLUMN id ADD GENERATED BY DEFAULT AS IDENTITY (
    SEQUENCE NAME public.django_admin_log_id_seq
    START WITH 1
    INCREMENT BY 1
    NO MINVALUE
    NO MAXVALUE
    CACHE 1
);


--
-- Name: django_content_type; Type: TABLE; Schema: public; Owner: ndunguloren96
--

CREATE TABLE public.django_content_type (
    id integer NOT NULL,
    app_label character varying(100) NOT NULL,
    model character varying(100) NOT NULL
);


ALTER TABLE public.django_content_type OWNER TO ndunguloren96;

--
-- Name: django_content_type_id_seq; Type: SEQUENCE; Schema: public; Owner: ndunguloren96
--

ALTER TABLE public.django_content_type ALTER COLUMN id ADD GENERATED BY DEFAULT AS IDENTITY (
    SEQUENCE NAME public.django_content_type_id_seq
    START WITH 1
    INCREMENT BY 1
    NO MINVALUE
    NO MAXVALUE
    CACHE 1
);


--
-- Name: django_daraja_accesstoken; Type: TABLE; Schema: public; Owner: ndunguloren96
--

CREATE TABLE public.django_daraja_accesstoken (
    id integer NOT NULL,
    token character varying(30) NOT NULL,
    created_at timestamp with time zone NOT NULL
);


ALTER TABLE public.django_daraja_accesstoken OWNER TO ndunguloren96;

--
-- Name: django_daraja_accesstoken_id_seq; Type: SEQUENCE; Schema: public; Owner: ndunguloren96
--

CREATE SEQUENCE public.django_daraja_accesstoken_id_seq
    AS integer
    START WITH 1
    INCREMENT BY 1
    NO MINVALUE
    NO MAXVALUE
    CACHE 1;


ALTER SEQUENCE public.django_daraja_accesstoken_id_seq OWNER TO ndunguloren96;

--
-- Name: django_daraja_accesstoken_id_seq; Type: SEQUENCE OWNED BY; Schema: public; Owner: ndunguloren96
--

ALTER SEQUENCE public.django_daraja_accesstoken_id_seq OWNED BY public.django_daraja_accesstoken.id;


--
-- Name: django_migrations; Type: TABLE; Schema: public; Owner: ndunguloren96
--

CREATE TABLE public.django_migrations (
    id bigint NOT NULL,
    app character varying(255) NOT NULL,
    name character varying(255) NOT NULL,
    applied timestamp with time zone NOT NULL
);


ALTER TABLE public.django_migrations OWNER TO ndunguloren96;

--
-- Name: django_migrations_id_seq; Type: SEQUENCE; Schema: public; Owner: ndunguloren96
--

ALTER TABLE public.django_migrations ALTER COLUMN id ADD GENERATED BY DEFAULT AS IDENTITY (
    SEQUENCE NAME public.django_migrations_id_seq
    START WITH 1
    INCREMENT BY 1
    NO MINVALUE
    NO MAXVALUE
    CACHE 1
);


--
-- Name: django_session; Type: TABLE; Schema: public; Owner: ndunguloren96
--

CREATE TABLE public.django_session (
    session_key character varying(40) NOT NULL,
    session_data text NOT NULL,
    expire_date timestamp with time zone NOT NULL
);


ALTER TABLE public.django_session OWNER TO ndunguloren96;

--
-- Name: store_customer; Type: TABLE; Schema: public; Owner: ndunguloren96
--

CREATE TABLE public.store_customer (
    id bigint NOT NULL,
    name character varying(200),
    email character varying(200) NOT NULL,
    user_id integer
);


ALTER TABLE public.store_customer OWNER TO ndunguloren96;

--
-- Name: store_customer_id_seq; Type: SEQUENCE; Schema: public; Owner: ndunguloren96
--

ALTER TABLE public.store_customer ALTER COLUMN id ADD GENERATED BY DEFAULT AS IDENTITY (
    SEQUENCE NAME public.store_customer_id_seq
    START WITH 1
    INCREMENT BY 1
    NO MINVALUE
    NO MAXVALUE
    CACHE 1
);


--
-- Name: store_order; Type: TABLE; Schema: public; Owner: ndunguloren96
--

CREATE TABLE public.store_order (
    id bigint NOT NULL,
    date_ordered timestamp with time zone NOT NULL,
    complete boolean NOT NULL,
    transaction_id character varying(100),
    customer_id bigint
);


ALTER TABLE public.store_order OWNER TO ndunguloren96;

--
-- Name: store_order_id_seq; Type: SEQUENCE; Schema: public; Owner: ndunguloren96
--

ALTER TABLE public.store_order ALTER COLUMN id ADD GENERATED BY DEFAULT AS IDENTITY (
    SEQUENCE NAME public.store_order_id_seq
    START WITH 1
    INCREMENT BY 1
    NO MINVALUE
    NO MAXVALUE
    CACHE 1
);


--
-- Name: store_orderitem; Type: TABLE; Schema: public; Owner: ndunguloren96
--

CREATE TABLE public.store_orderitem (
    id bigint NOT NULL,
    quantity integer,
    date_added timestamp with time zone NOT NULL,
    order_id bigint,
    product_id bigint
);


ALTER TABLE public.store_orderitem OWNER TO ndunguloren96;

--
-- Name: store_orderitem_id_seq; Type: SEQUENCE; Schema: public; Owner: ndunguloren96
--

ALTER TABLE public.store_orderitem ALTER COLUMN id ADD GENERATED BY DEFAULT AS IDENTITY (
    SEQUENCE NAME public.store_orderitem_id_seq
    START WITH 1
    INCREMENT BY 1
    NO MINVALUE
    NO MAXVALUE
    CACHE 1
);


--
-- Name: store_product; Type: TABLE; Schema: public; Owner: ndunguloren96
--

CREATE TABLE public.store_product (
    id bigint NOT NULL,
    name character varying(200) NOT NULL,
    price double precision NOT NULL,
    digital boolean,
    image character varying(100)
);


ALTER TABLE public.store_product OWNER TO ndunguloren96;

--
-- Name: store_product_id_seq; Type: SEQUENCE; Schema: public; Owner: ndunguloren96
--

ALTER TABLE public.store_product ALTER COLUMN id ADD GENERATED BY DEFAULT AS IDENTITY (
    SEQUENCE NAME public.store_product_id_seq
    START WITH 1
    INCREMENT BY 1
    NO MINVALUE
    NO MAXVALUE
    CACHE 1
);


--
-- Name: store_shippingaddress; Type: TABLE; Schema: public; Owner: ndunguloren96
--

CREATE TABLE public.store_shippingaddress (
    id bigint NOT NULL,
    address character varying(200) NOT NULL,
    city character varying(200) NOT NULL,
    state character varying(200) NOT NULL,
    zipcode character varying(200) NOT NULL,
    date_added timestamp with time zone NOT NULL,
    customer_id bigint,
    order_id bigint
);


ALTER TABLE public.store_shippingaddress OWNER TO ndunguloren96;

--
-- Name: store_shippingaddress_id_seq; Type: SEQUENCE; Schema: public; Owner: ndunguloren96
--

ALTER TABLE public.store_shippingaddress ALTER COLUMN id ADD GENERATED BY DEFAULT AS IDENTITY (
    SEQUENCE NAME public.store_shippingaddress_id_seq
    START WITH 1
    INCREMENT BY 1
    NO MINVALUE
    NO MAXVALUE
    CACHE 1
);


--
-- Name: django_daraja_accesstoken id; Type: DEFAULT; Schema: public; Owner: ndunguloren96
--

ALTER TABLE ONLY public.django_daraja_accesstoken ALTER COLUMN id SET DEFAULT nextval('public.django_daraja_accesstoken_id_seq'::regclass);


--
-- Data for Name: auth_group; Type: TABLE DATA; Schema: public; Owner: ndunguloren96
--

COPY public.auth_group (id, name) FROM stdin;
\.


--
-- Data for Name: auth_group_permissions; Type: TABLE DATA; Schema: public; Owner: ndunguloren96
--

COPY public.auth_group_permissions (id, group_id, permission_id) FROM stdin;
\.


--
-- Data for Name: auth_permission; Type: TABLE DATA; Schema: public; Owner: ndunguloren96
--

COPY public.auth_permission (id, name, content_type_id, codename) FROM stdin;
1	Can add log entry	1	add_logentry
2	Can change log entry	1	change_logentry
3	Can delete log entry	1	delete_logentry
4	Can view log entry	1	view_logentry
5	Can add permission	2	add_permission
6	Can change permission	2	change_permission
7	Can delete permission	2	delete_permission
8	Can view permission	2	view_permission
9	Can add group	3	add_group
10	Can change group	3	change_group
11	Can delete group	3	delete_group
12	Can view group	3	view_group
13	Can add user	4	add_user
14	Can change user	4	change_user
15	Can delete user	4	delete_user
16	Can view user	4	view_user
17	Can add content type	5	add_contenttype
18	Can change content type	5	change_contenttype
19	Can delete content type	5	delete_contenttype
20	Can view content type	5	view_contenttype
21	Can add session	6	add_session
22	Can change session	6	change_session
23	Can delete session	6	delete_session
24	Can view session	6	view_session
25	Can add product	7	add_product
26	Can change product	7	change_product
27	Can delete product	7	delete_product
28	Can view product	7	view_product
29	Can add customer	8	add_customer
30	Can change customer	8	change_customer
31	Can delete customer	8	delete_customer
32	Can view customer	8	view_customer
33	Can add order	9	add_order
34	Can change order	9	change_order
35	Can delete order	9	delete_order
36	Can view order	9	view_order
37	Can add order item	10	add_orderitem
38	Can change order item	10	change_orderitem
39	Can delete order item	10	delete_orderitem
40	Can view order item	10	view_orderitem
41	Can add shipping address	11	add_shippingaddress
42	Can change shipping address	11	change_shippingaddress
43	Can delete shipping address	11	delete_shippingaddress
44	Can view shipping address	11	view_shippingaddress
45	Can add transaction	12	add_transaction
46	Can change transaction	12	change_transaction
47	Can delete transaction	12	delete_transaction
48	Can view transaction	12	view_transaction
49	Can add access token	13	add_accesstoken
50	Can change access token	13	change_accesstoken
51	Can delete access token	13	delete_accesstoken
52	Can view access token	13	view_accesstoken
\.


--
-- Data for Name: auth_user; Type: TABLE DATA; Schema: public; Owner: ndunguloren96
--

COPY public.auth_user (id, password, last_login, is_superuser, username, first_name, last_name, email, is_staff, is_active, date_joined) FROM stdin;
1	pbkdf2_sha256$216000$MU1bYzWFsoRP$jUgZ4OqyyEwiz71DGoixFlEHh0jjENlVy95/VBzt8sw=	2025-05-14 13:00:09.659068+03	t	ndunguloren96			ndunguloren96@gmail.com	t	t	2025-05-13 10:49:58.555083+03
\.


--
-- Data for Name: auth_user_groups; Type: TABLE DATA; Schema: public; Owner: ndunguloren96
--

COPY public.auth_user_groups (id, user_id, group_id) FROM stdin;
\.


--
-- Data for Name: auth_user_user_permissions; Type: TABLE DATA; Schema: public; Owner: ndunguloren96
--

COPY public.auth_user_user_permissions (id, user_id, permission_id) FROM stdin;
\.


--
-- Data for Name: django_admin_log; Type: TABLE DATA; Schema: public; Owner: ndunguloren96
--

COPY public.django_admin_log (id, action_time, object_id, object_repr, action_flag, change_message, content_type_id, user_id) FROM stdin;
1	2025-05-13 10:53:55.783933+03	1	Cryptocurrency Investors Secret Guide	1	[{"added": {}}]	7	1
2	2025-05-13 10:54:58.194978+03	2	NTC 55'' Smart Android TV	1	[{"added": {}}]	7	1
3	2025-05-13 10:55:34.994893+03	3	JBL Wireless Headphones	1	[{"added": {}}]	7	1
4	2025-05-13 10:57:33.844918+03	4	L'Oréal Paris Lipstick	1	[{"added": {}}]	7	1
5	2025-05-13 10:58:13.969842+03	5	Ladies Pearl Necklace	1	[{"added": {}}]	7	1
6	2025-05-13 10:58:47.936691+03	6	SMP Table	1	[{"added": {}}]	7	1
7	2025-05-13 10:59:28.691361+03	7	Investing in MMF Guide	1	[{"added": {}}]	7	1
8	2025-05-13 11:00:26.169067+03	8	Trading Journal - Ready Excel Sheet	1	[{"added": {}}]	7	1
9	2025-05-13 11:01:30.810419+03	9	E-commerce Website Toolkit Value Pack	1	[{"added": {}}]	7	1
10	2025-05-13 11:02:04.995928+03	10	2 Seater Sofa	1	[{"added": {}}]	7	1
11	2025-05-13 11:02:44.89346+03	11	TCL 43 inch Smart Google TV	1	[{"added": {}}]	7	1
12	2025-05-13 11:04:34.652503+03	12	M-Pesa Payment Integration Source Code	1	[{"added": {}}]	7	1
13	2025-05-13 11:05:13.255128+03	1	Loren Ndung'u	1	[{"added": {}}]	8	1
14	2025-05-13 11:06:06.030269+03	1	1	1	[{"added": {}}]	9	1
15	2025-05-14 12:49:14.118982+03	7	Investing in MMF Guide	2	[{"changed": {"fields": ["Price"]}}]	7	1
\.


--
-- Data for Name: django_content_type; Type: TABLE DATA; Schema: public; Owner: ndunguloren96
--

COPY public.django_content_type (id, app_label, model) FROM stdin;
1	admin	logentry
2	auth	permission
3	auth	group
4	auth	user
5	contenttypes	contenttype
6	sessions	session
7	store	product
8	store	customer
9	store	order
10	store	orderitem
11	store	shippingaddress
12	payment	transaction
13	django_daraja	accesstoken
\.


--
-- Data for Name: django_daraja_accesstoken; Type: TABLE DATA; Schema: public; Owner: ndunguloren96
--

COPY public.django_daraja_accesstoken (id, token, created_at) FROM stdin;
\.


--
-- Data for Name: django_migrations; Type: TABLE DATA; Schema: public; Owner: ndunguloren96
--

COPY public.django_migrations (id, app, name, applied) FROM stdin;
1	contenttypes	0001_initial	2025-05-13 10:20:31.725089+03
2	auth	0001_initial	2025-05-13 10:20:32.310956+03
3	admin	0001_initial	2025-05-13 10:20:32.418972+03
4	admin	0002_logentry_remove_auto_add	2025-05-13 10:20:32.463112+03
5	admin	0003_logentry_add_action_flag_choices	2025-05-13 10:20:32.511974+03
6	contenttypes	0002_remove_content_type_name	2025-05-13 10:20:32.617665+03
7	auth	0002_alter_permission_name_max_length	2025-05-13 10:20:32.653354+03
8	auth	0003_alter_user_email_max_length	2025-05-13 10:20:32.729431+03
9	auth	0004_alter_user_username_opts	2025-05-13 10:20:32.786248+03
10	auth	0005_alter_user_last_login_null	2025-05-13 10:20:32.811219+03
11	auth	0006_require_contenttypes_0002	2025-05-13 10:20:32.823668+03
12	auth	0007_alter_validators_add_error_messages	2025-05-13 10:20:32.847244+03
13	auth	0008_alter_user_username_max_length	2025-05-13 10:20:32.920665+03
14	auth	0009_alter_user_last_name_max_length	2025-05-13 10:20:32.973463+03
15	auth	0010_alter_group_name_max_length	2025-05-13 10:20:33.013568+03
16	auth	0011_update_proxy_permissions	2025-05-13 10:20:33.063816+03
17	auth	0012_alter_user_first_name_max_length	2025-05-13 10:20:33.108712+03
18	sessions	0001_initial	2025-05-13 10:20:33.201148+03
19	store	0001_initial	2025-05-13 10:20:37.276294+03
20	store	0002_product_image	2025-05-13 10:20:37.28792+03
21	payment	0001_initial	2025-05-13 17:39:06.719842+03
22	payment	0002_auto_20250514_0740	2025-05-14 10:55:13.641984+03
23	store	0003_auto_20250514_0740	2025-05-14 10:56:27.262049+03
24	django_daraja	0001_initial	2025-05-14 12:00:41.137698+03
25	django_daraja	0002_auto_20181108_1219	2025-05-14 12:00:41.754633+03
26	payment	0003_auto_20250514_1040	2025-05-14 13:40:56.658396+03
27	payment	0001_initial	2025-05-14 14:11:05.208186+03
\.


--
-- Data for Name: django_session; Type: TABLE DATA; Schema: public; Owner: ndunguloren96
--

COPY public.django_session (session_key, session_data, expire_date) FROM stdin;
n52r8ixmvasntkazgxc6zl6ghvi3j6ll	.eJxVjEEOgjAQRe_StWmmTEvBpXvO0EzbGYsaSCisjHcXEha6_e-9_1aBtrWErfISxqyuyqjL7xYpPXk6QH7QdJ91mqd1GaM-FH3Sqoc58-t2un8HhWrZa5fBMTcWwSF14lGSb63ERkDAGwbTJcqCthdGgtgmQz3mHQhHdKA-X-fJOEo:1uEkP1:RD06HBnWwnpQTyc6RpwiKtabKpv0rZWADT6MkxLngaI	2025-05-27 10:50:15.59132+03
kcfnrfnav1j7tt7p6ra1t9ih6fxb9rvm	.eJxVjMEOwiAQBf-FsyFAYQsevfcbyMKCVA0kpT0Z_92Q9KDXNzPvzTwee_FHT5tfiV2ZZJffLWB8pjoAPbDeG4-t7tsa-FD4STtfGqXX7XT_Dgr2MmoFCihANpKkEUHNYKxSJiPqDAISUhDC4ZzMZLVDESlrYeNkQQblgH2-1dg3aQ:1uF8gw:ye64yD54NHbaa5q79fWjl5EvZqLYdlPQVDnSU-xWWB0	2025-05-28 12:46:22.782932+03
3952g9eabqmjc7yvmkiz7s7254k37qp3	.eJxVjMEOwiAQBf-FsyFAYQsevfcbyMKCVA0kpT0Z_92Q9KDXNzPvzTwee_FHT5tfiV2ZZJffLWB8pjoAPbDeG4-t7tsa-FD4STtfGqXX7XT_Dgr2MmoFCihANpKkEUHNYKxSJiPqDAISUhDC4ZzMZLVDESlrYeNkQQblgH2-1dg3aQ:1uF8uH:kSjMGb-npRoMguGl3xfRA3JsWKuX2j2oIFhZ1lja9Es	2025-05-28 13:00:09.79316+03
\.


--
-- Data for Name: store_customer; Type: TABLE DATA; Schema: public; Owner: ndunguloren96
--

COPY public.store_customer (id, name, email, user_id) FROM stdin;
1	Loren Ndung'u	ndunguloren96@gmail.com	1
\.


--
-- Data for Name: store_order; Type: TABLE DATA; Schema: public; Owner: ndunguloren96
--

COPY public.store_order (id, date_ordered, complete, transaction_id, customer_id) FROM stdin;
1	2025-05-13 11:06:05.951894+03	f	202505131105	1
\.


--
-- Data for Name: store_orderitem; Type: TABLE DATA; Schema: public; Owner: ndunguloren96
--

COPY public.store_orderitem (id, quantity, date_added, order_id, product_id) FROM stdin;
5	1	2025-05-13 11:07:30.122586+03	1	7
\.


--
-- Data for Name: store_product; Type: TABLE DATA; Schema: public; Owner: ndunguloren96
--

COPY public.store_product (id, name, price, digital, image) FROM stdin;
1	Cryptocurrency Investors Secret Guide	700	t	cryptocurrency-investors-secret-guide_DWCvH8K.png
2	NTC 55'' Smart Android TV	49994	f	ntc-55-inch-smart-android-tv_dBIO50N.jpg
3	JBL Wireless Headphones	9995	f	jbl-headphones_zaQ8njv.jpg
4	L'Oréal Paris Lipstick	699	f	loreal-paris-lipstick_vHLlU9O.png
5	Ladies Pearl Necklace	1035	f	women-pearl-necklace_nAt3gGb.png
6	SMP Table	500	f	smp-table-blue_f7YrcbE.png
8	Trading Journal - Ready Excel Sheet	279	t	trading-journal-template_mXhHNUP.png
9	E-commerce Website Toolkit Value Pack	1999	t	ecommerce-website-toolkit-valuepack_gDvSjNr.png
10	2 Seater Sofa	23790	f	elastic_sofa_set_tjx69is.jpg
11	TCL 43 inch Smart Google TV	47129	f	tcl-43-inch-smart-google-tv_ISr5u5H.jpg
12	M-Pesa Payment Integration Source Code	1495	t	
7	Investing in MMF Guide	19	t	investing-in-mmfs-guide_IHLSozC.png
\.


--
-- Data for Name: store_shippingaddress; Type: TABLE DATA; Schema: public; Owner: ndunguloren96
--

COPY public.store_shippingaddress (id, address, city, state, zipcode, date_added, customer_id, order_id) FROM stdin;
\.


--
-- Name: auth_group_id_seq; Type: SEQUENCE SET; Schema: public; Owner: ndunguloren96
--

SELECT pg_catalog.setval('public.auth_group_id_seq', 1, false);


--
-- Name: auth_group_permissions_id_seq; Type: SEQUENCE SET; Schema: public; Owner: ndunguloren96
--

SELECT pg_catalog.setval('public.auth_group_permissions_id_seq', 1, false);


--
-- Name: auth_permission_id_seq; Type: SEQUENCE SET; Schema: public; Owner: ndunguloren96
--

SELECT pg_catalog.setval('public.auth_permission_id_seq', 52, true);


--
-- Name: auth_user_groups_id_seq; Type: SEQUENCE SET; Schema: public; Owner: ndunguloren96
--

SELECT pg_catalog.setval('public.auth_user_groups_id_seq', 1, false);


--
-- Name: auth_user_id_seq; Type: SEQUENCE SET; Schema: public; Owner: ndunguloren96
--

SELECT pg_catalog.setval('public.auth_user_id_seq', 1, true);


--
-- Name: auth_user_user_permissions_id_seq; Type: SEQUENCE SET; Schema: public; Owner: ndunguloren96
--

SELECT pg_catalog.setval('public.auth_user_user_permissions_id_seq', 1, false);


--
-- Name: django_admin_log_id_seq; Type: SEQUENCE SET; Schema: public; Owner: ndunguloren96
--

SELECT pg_catalog.setval('public.django_admin_log_id_seq', 15, true);


--
-- Name: django_content_type_id_seq; Type: SEQUENCE SET; Schema: public; Owner: ndunguloren96
--

SELECT pg_catalog.setval('public.django_content_type_id_seq', 13, true);


--
-- Name: django_daraja_accesstoken_id_seq; Type: SEQUENCE SET; Schema: public; Owner: ndunguloren96
--

SELECT pg_catalog.setval('public.django_daraja_accesstoken_id_seq', 1, false);


--
-- Name: django_migrations_id_seq; Type: SEQUENCE SET; Schema: public; Owner: ndunguloren96
--

SELECT pg_catalog.setval('public.django_migrations_id_seq', 27, true);


--
-- Name: store_customer_id_seq; Type: SEQUENCE SET; Schema: public; Owner: ndunguloren96
--

SELECT pg_catalog.setval('public.store_customer_id_seq', 1, true);


--
-- Name: store_order_id_seq; Type: SEQUENCE SET; Schema: public; Owner: ndunguloren96
--

SELECT pg_catalog.setval('public.store_order_id_seq', 1, true);


--
-- Name: store_orderitem_id_seq; Type: SEQUENCE SET; Schema: public; Owner: ndunguloren96
--

SELECT pg_catalog.setval('public.store_orderitem_id_seq', 5, true);


--
-- Name: store_product_id_seq; Type: SEQUENCE SET; Schema: public; Owner: ndunguloren96
--

SELECT pg_catalog.setval('public.store_product_id_seq', 12, true);


--
-- Name: store_shippingaddress_id_seq; Type: SEQUENCE SET; Schema: public; Owner: ndunguloren96
--

SELECT pg_catalog.setval('public.store_shippingaddress_id_seq', 1, false);


--
-- Name: auth_group auth_group_name_key; Type: CONSTRAINT; Schema: public; Owner: ndunguloren96
--

ALTER TABLE ONLY public.auth_group
    ADD CONSTRAINT auth_group_name_key UNIQUE (name);


--
-- Name: auth_group_permissions auth_group_permissions_group_id_permission_id_0cd325b0_uniq; Type: CONSTRAINT; Schema: public; Owner: ndunguloren96
--

ALTER TABLE ONLY public.auth_group_permissions
    ADD CONSTRAINT auth_group_permissions_group_id_permission_id_0cd325b0_uniq UNIQUE (group_id, permission_id);


--
-- Name: auth_group_permissions auth_group_permissions_pkey; Type: CONSTRAINT; Schema: public; Owner: ndunguloren96
--

ALTER TABLE ONLY public.auth_group_permissions
    ADD CONSTRAINT auth_group_permissions_pkey PRIMARY KEY (id);


--
-- Name: auth_group auth_group_pkey; Type: CONSTRAINT; Schema: public; Owner: ndunguloren96
--

ALTER TABLE ONLY public.auth_group
    ADD CONSTRAINT auth_group_pkey PRIMARY KEY (id);


--
-- Name: auth_permission auth_permission_content_type_id_codename_01ab375a_uniq; Type: CONSTRAINT; Schema: public; Owner: ndunguloren96
--

ALTER TABLE ONLY public.auth_permission
    ADD CONSTRAINT auth_permission_content_type_id_codename_01ab375a_uniq UNIQUE (content_type_id, codename);


--
-- Name: auth_permission auth_permission_pkey; Type: CONSTRAINT; Schema: public; Owner: ndunguloren96
--

ALTER TABLE ONLY public.auth_permission
    ADD CONSTRAINT auth_permission_pkey PRIMARY KEY (id);


--
-- Name: auth_user_groups auth_user_groups_pkey; Type: CONSTRAINT; Schema: public; Owner: ndunguloren96
--

ALTER TABLE ONLY public.auth_user_groups
    ADD CONSTRAINT auth_user_groups_pkey PRIMARY KEY (id);


--
-- Name: auth_user_groups auth_user_groups_user_id_group_id_94350c0c_uniq; Type: CONSTRAINT; Schema: public; Owner: ndunguloren96
--

ALTER TABLE ONLY public.auth_user_groups
    ADD CONSTRAINT auth_user_groups_user_id_group_id_94350c0c_uniq UNIQUE (user_id, group_id);


--
-- Name: auth_user auth_user_pkey; Type: CONSTRAINT; Schema: public; Owner: ndunguloren96
--

ALTER TABLE ONLY public.auth_user
    ADD CONSTRAINT auth_user_pkey PRIMARY KEY (id);


--
-- Name: auth_user_user_permissions auth_user_user_permissions_pkey; Type: CONSTRAINT; Schema: public; Owner: ndunguloren96
--

ALTER TABLE ONLY public.auth_user_user_permissions
    ADD CONSTRAINT auth_user_user_permissions_pkey PRIMARY KEY (id);


--
-- Name: auth_user_user_permissions auth_user_user_permissions_user_id_permission_id_14a6b632_uniq; Type: CONSTRAINT; Schema: public; Owner: ndunguloren96
--

ALTER TABLE ONLY public.auth_user_user_permissions
    ADD CONSTRAINT auth_user_user_permissions_user_id_permission_id_14a6b632_uniq UNIQUE (user_id, permission_id);


--
-- Name: auth_user auth_user_username_key; Type: CONSTRAINT; Schema: public; Owner: ndunguloren96
--

ALTER TABLE ONLY public.auth_user
    ADD CONSTRAINT auth_user_username_key UNIQUE (username);


--
-- Name: django_admin_log django_admin_log_pkey; Type: CONSTRAINT; Schema: public; Owner: ndunguloren96
--

ALTER TABLE ONLY public.django_admin_log
    ADD CONSTRAINT django_admin_log_pkey PRIMARY KEY (id);


--
-- Name: django_content_type django_content_type_app_label_model_76bd3d3b_uniq; Type: CONSTRAINT; Schema: public; Owner: ndunguloren96
--

ALTER TABLE ONLY public.django_content_type
    ADD CONSTRAINT django_content_type_app_label_model_76bd3d3b_uniq UNIQUE (app_label, model);


--
-- Name: django_content_type django_content_type_pkey; Type: CONSTRAINT; Schema: public; Owner: ndunguloren96
--

ALTER TABLE ONLY public.django_content_type
    ADD CONSTRAINT django_content_type_pkey PRIMARY KEY (id);


--
-- Name: django_daraja_accesstoken django_daraja_accesstoken_pkey; Type: CONSTRAINT; Schema: public; Owner: ndunguloren96
--

ALTER TABLE ONLY public.django_daraja_accesstoken
    ADD CONSTRAINT django_daraja_accesstoken_pkey PRIMARY KEY (id);


--
-- Name: django_migrations django_migrations_pkey; Type: CONSTRAINT; Schema: public; Owner: ndunguloren96
--

ALTER TABLE ONLY public.django_migrations
    ADD CONSTRAINT django_migrations_pkey PRIMARY KEY (id);


--
-- Name: django_session django_session_pkey; Type: CONSTRAINT; Schema: public; Owner: ndunguloren96
--

ALTER TABLE ONLY public.django_session
    ADD CONSTRAINT django_session_pkey PRIMARY KEY (session_key);


--
-- Name: store_customer store_customer_pkey; Type: CONSTRAINT; Schema: public; Owner: ndunguloren96
--

ALTER TABLE ONLY public.store_customer
    ADD CONSTRAINT store_customer_pkey PRIMARY KEY (id);


--
-- Name: store_customer store_customer_user_id_key; Type: CONSTRAINT; Schema: public; Owner: ndunguloren96
--

ALTER TABLE ONLY public.store_customer
    ADD CONSTRAINT store_customer_user_id_key UNIQUE (user_id);


--
-- Name: store_order store_order_pkey; Type: CONSTRAINT; Schema: public; Owner: ndunguloren96
--

ALTER TABLE ONLY public.store_order
    ADD CONSTRAINT store_order_pkey PRIMARY KEY (id);


--
-- Name: store_orderitem store_orderitem_pkey; Type: CONSTRAINT; Schema: public; Owner: ndunguloren96
--

ALTER TABLE ONLY public.store_orderitem
    ADD CONSTRAINT store_orderitem_pkey PRIMARY KEY (id);


--
-- Name: store_product store_product_pkey; Type: CONSTRAINT; Schema: public; Owner: ndunguloren96
--

ALTER TABLE ONLY public.store_product
    ADD CONSTRAINT store_product_pkey PRIMARY KEY (id);


--
-- Name: store_shippingaddress store_shippingaddress_pkey; Type: CONSTRAINT; Schema: public; Owner: ndunguloren96
--

ALTER TABLE ONLY public.store_shippingaddress
    ADD CONSTRAINT store_shippingaddress_pkey PRIMARY KEY (id);


--
-- Name: auth_group_name_a6ea08ec_like; Type: INDEX; Schema: public; Owner: ndunguloren96
--

CREATE INDEX auth_group_name_a6ea08ec_like ON public.auth_group USING btree (name varchar_pattern_ops);


--
-- Name: auth_group_permissions_group_id_b120cbf9; Type: INDEX; Schema: public; Owner: ndunguloren96
--

CREATE INDEX auth_group_permissions_group_id_b120cbf9 ON public.auth_group_permissions USING btree (group_id);


--
-- Name: auth_group_permissions_permission_id_84c5c92e; Type: INDEX; Schema: public; Owner: ndunguloren96
--

CREATE INDEX auth_group_permissions_permission_id_84c5c92e ON public.auth_group_permissions USING btree (permission_id);


--
-- Name: auth_permission_content_type_id_2f476e4b; Type: INDEX; Schema: public; Owner: ndunguloren96
--

CREATE INDEX auth_permission_content_type_id_2f476e4b ON public.auth_permission USING btree (content_type_id);


--
-- Name: auth_user_groups_group_id_97559544; Type: INDEX; Schema: public; Owner: ndunguloren96
--

CREATE INDEX auth_user_groups_group_id_97559544 ON public.auth_user_groups USING btree (group_id);


--
-- Name: auth_user_groups_user_id_6a12ed8b; Type: INDEX; Schema: public; Owner: ndunguloren96
--

CREATE INDEX auth_user_groups_user_id_6a12ed8b ON public.auth_user_groups USING btree (user_id);


--
-- Name: auth_user_user_permissions_permission_id_1fbb5f2c; Type: INDEX; Schema: public; Owner: ndunguloren96
--

CREATE INDEX auth_user_user_permissions_permission_id_1fbb5f2c ON public.auth_user_user_permissions USING btree (permission_id);


--
-- Name: auth_user_user_permissions_user_id_a95ead1b; Type: INDEX; Schema: public; Owner: ndunguloren96
--

CREATE INDEX auth_user_user_permissions_user_id_a95ead1b ON public.auth_user_user_permissions USING btree (user_id);


--
-- Name: auth_user_username_6821ab7c_like; Type: INDEX; Schema: public; Owner: ndunguloren96
--

CREATE INDEX auth_user_username_6821ab7c_like ON public.auth_user USING btree (username varchar_pattern_ops);


--
-- Name: django_admin_log_content_type_id_c4bce8eb; Type: INDEX; Schema: public; Owner: ndunguloren96
--

CREATE INDEX django_admin_log_content_type_id_c4bce8eb ON public.django_admin_log USING btree (content_type_id);


--
-- Name: django_admin_log_user_id_c564eba6; Type: INDEX; Schema: public; Owner: ndunguloren96
--

CREATE INDEX django_admin_log_user_id_c564eba6 ON public.django_admin_log USING btree (user_id);


--
-- Name: django_session_expire_date_a5c62663; Type: INDEX; Schema: public; Owner: ndunguloren96
--

CREATE INDEX django_session_expire_date_a5c62663 ON public.django_session USING btree (expire_date);


--
-- Name: django_session_session_key_c0390e0f_like; Type: INDEX; Schema: public; Owner: ndunguloren96
--

CREATE INDEX django_session_session_key_c0390e0f_like ON public.django_session USING btree (session_key varchar_pattern_ops);


--
-- Name: store_order_customer_id_13d6d43e; Type: INDEX; Schema: public; Owner: ndunguloren96
--

CREATE INDEX store_order_customer_id_13d6d43e ON public.store_order USING btree (customer_id);


--
-- Name: store_orderitem_order_id_acf8722d; Type: INDEX; Schema: public; Owner: ndunguloren96
--

CREATE INDEX store_orderitem_order_id_acf8722d ON public.store_orderitem USING btree (order_id);


--
-- Name: store_orderitem_product_id_f2b098d4; Type: INDEX; Schema: public; Owner: ndunguloren96
--

CREATE INDEX store_orderitem_product_id_f2b098d4 ON public.store_orderitem USING btree (product_id);


--
-- Name: store_shippingaddress_customer_id_66e362a6; Type: INDEX; Schema: public; Owner: ndunguloren96
--

CREATE INDEX store_shippingaddress_customer_id_66e362a6 ON public.store_shippingaddress USING btree (customer_id);


--
-- Name: store_shippingaddress_order_id_e6decfbb; Type: INDEX; Schema: public; Owner: ndunguloren96
--

CREATE INDEX store_shippingaddress_order_id_e6decfbb ON public.store_shippingaddress USING btree (order_id);


--
-- Name: auth_group_permissions auth_group_permissio_permission_id_84c5c92e_fk_auth_perm; Type: FK CONSTRAINT; Schema: public; Owner: ndunguloren96
--

ALTER TABLE ONLY public.auth_group_permissions
    ADD CONSTRAINT auth_group_permissio_permission_id_84c5c92e_fk_auth_perm FOREIGN KEY (permission_id) REFERENCES public.auth_permission(id) DEFERRABLE INITIALLY DEFERRED;


--
-- Name: auth_group_permissions auth_group_permissions_group_id_b120cbf9_fk_auth_group_id; Type: FK CONSTRAINT; Schema: public; Owner: ndunguloren96
--

ALTER TABLE ONLY public.auth_group_permissions
    ADD CONSTRAINT auth_group_permissions_group_id_b120cbf9_fk_auth_group_id FOREIGN KEY (group_id) REFERENCES public.auth_group(id) DEFERRABLE INITIALLY DEFERRED;


--
-- Name: auth_permission auth_permission_content_type_id_2f476e4b_fk_django_co; Type: FK CONSTRAINT; Schema: public; Owner: ndunguloren96
--

ALTER TABLE ONLY public.auth_permission
    ADD CONSTRAINT auth_permission_content_type_id_2f476e4b_fk_django_co FOREIGN KEY (content_type_id) REFERENCES public.django_content_type(id) DEFERRABLE INITIALLY DEFERRED;


--
-- Name: auth_user_groups auth_user_groups_group_id_97559544_fk_auth_group_id; Type: FK CONSTRAINT; Schema: public; Owner: ndunguloren96
--

ALTER TABLE ONLY public.auth_user_groups
    ADD CONSTRAINT auth_user_groups_group_id_97559544_fk_auth_group_id FOREIGN KEY (group_id) REFERENCES public.auth_group(id) DEFERRABLE INITIALLY DEFERRED;


--
-- Name: auth_user_groups auth_user_groups_user_id_6a12ed8b_fk_auth_user_id; Type: FK CONSTRAINT; Schema: public; Owner: ndunguloren96
--

ALTER TABLE ONLY public.auth_user_groups
    ADD CONSTRAINT auth_user_groups_user_id_6a12ed8b_fk_auth_user_id FOREIGN KEY (user_id) REFERENCES public.auth_user(id) DEFERRABLE INITIALLY DEFERRED;


--
-- Name: auth_user_user_permissions auth_user_user_permi_permission_id_1fbb5f2c_fk_auth_perm; Type: FK CONSTRAINT; Schema: public; Owner: ndunguloren96
--

ALTER TABLE ONLY public.auth_user_user_permissions
    ADD CONSTRAINT auth_user_user_permi_permission_id_1fbb5f2c_fk_auth_perm FOREIGN KEY (permission_id) REFERENCES public.auth_permission(id) DEFERRABLE INITIALLY DEFERRED;


--
-- Name: auth_user_user_permissions auth_user_user_permissions_user_id_a95ead1b_fk_auth_user_id; Type: FK CONSTRAINT; Schema: public; Owner: ndunguloren96
--

ALTER TABLE ONLY public.auth_user_user_permissions
    ADD CONSTRAINT auth_user_user_permissions_user_id_a95ead1b_fk_auth_user_id FOREIGN KEY (user_id) REFERENCES public.auth_user(id) DEFERRABLE INITIALLY DEFERRED;


--
-- Name: django_admin_log django_admin_log_content_type_id_c4bce8eb_fk_django_co; Type: FK CONSTRAINT; Schema: public; Owner: ndunguloren96
--

ALTER TABLE ONLY public.django_admin_log
    ADD CONSTRAINT django_admin_log_content_type_id_c4bce8eb_fk_django_co FOREIGN KEY (content_type_id) REFERENCES public.django_content_type(id) DEFERRABLE INITIALLY DEFERRED;


--
-- Name: django_admin_log django_admin_log_user_id_c564eba6_fk_auth_user_id; Type: FK CONSTRAINT; Schema: public; Owner: ndunguloren96
--

ALTER TABLE ONLY public.django_admin_log
    ADD CONSTRAINT django_admin_log_user_id_c564eba6_fk_auth_user_id FOREIGN KEY (user_id) REFERENCES public.auth_user(id) DEFERRABLE INITIALLY DEFERRED;


--
-- Name: store_customer store_customer_user_id_04276401_fk_auth_user_id; Type: FK CONSTRAINT; Schema: public; Owner: ndunguloren96
--

ALTER TABLE ONLY public.store_customer
    ADD CONSTRAINT store_customer_user_id_04276401_fk_auth_user_id FOREIGN KEY (user_id) REFERENCES public.auth_user(id) DEFERRABLE INITIALLY DEFERRED;


--
-- Name: store_order store_order_customer_id_13d6d43e_fk_store_customer_id; Type: FK CONSTRAINT; Schema: public; Owner: ndunguloren96
--

ALTER TABLE ONLY public.store_order
    ADD CONSTRAINT store_order_customer_id_13d6d43e_fk_store_customer_id FOREIGN KEY (customer_id) REFERENCES public.store_customer(id) DEFERRABLE INITIALLY DEFERRED;


--
-- Name: store_orderitem store_orderitem_order_id_acf8722d_fk_store_order_id; Type: FK CONSTRAINT; Schema: public; Owner: ndunguloren96
--

ALTER TABLE ONLY public.store_orderitem
    ADD CONSTRAINT store_orderitem_order_id_acf8722d_fk_store_order_id FOREIGN KEY (order_id) REFERENCES public.store_order(id) DEFERRABLE INITIALLY DEFERRED;


--
-- Name: store_orderitem store_orderitem_product_id_f2b098d4_fk_store_product_id; Type: FK CONSTRAINT; Schema: public; Owner: ndunguloren96
--

ALTER TABLE ONLY public.store_orderitem
    ADD CONSTRAINT store_orderitem_product_id_f2b098d4_fk_store_product_id FOREIGN KEY (product_id) REFERENCES public.store_product(id) DEFERRABLE INITIALLY DEFERRED;


--
-- Name: store_shippingaddress store_shippingaddress_customer_id_66e362a6_fk_store_customer_id; Type: FK CONSTRAINT; Schema: public; Owner: ndunguloren96
--

ALTER TABLE ONLY public.store_shippingaddress
    ADD CONSTRAINT store_shippingaddress_customer_id_66e362a6_fk_store_customer_id FOREIGN KEY (customer_id) REFERENCES public.store_customer(id) DEFERRABLE INITIALLY DEFERRED;


--
-- Name: store_shippingaddress store_shippingaddress_order_id_e6decfbb_fk_store_order_id; Type: FK CONSTRAINT; Schema: public; Owner: ndunguloren96
--

ALTER TABLE ONLY public.store_shippingaddress
    ADD CONSTRAINT store_shippingaddress_order_id_e6decfbb_fk_store_order_id FOREIGN KEY (order_id) REFERENCES public.store_order(id) DEFERRABLE INITIALLY DEFERRED;


--
-- PostgreSQL database dump complete
--

